{
  "preset_id": "Streets_Min_A",
  "seed": 515,
  "budgets": {
    "tri_max": 3000000,
    "draw_calls_max": 800,
    "tex_pool_mb": 600
  },
  "houdini": {
    "hda": "HDAs/Roads.hda",
    "parms": {
      "lanes": 2,
      "alley_prob": 0.2
    }
  },
  "pcg": {
    "graph": "/PCG/StreetsProps",
    "density": 0.18,
    "slope_mask": [
      0,
      8
    ],
    "height_mask": [
      0,
      200
    ]
  },
  "ue": {
    "use_nanite": true,
    "use_lumen": true,
    "use_rvt_blend": true
  }
}